﻿{"cameraMode":{"drawMode":0,"name":"Shaded","section":"Shading Mode"},"sceneLighting":true,"audioPlay":false,"sceneViewState":{"showFog":true,"showMaterialUpdate":false,"showSkybox":true,"showFlares":true,"showImageEffects":true,"showParticleSystems":true},"in2DMode":false,"pivot":{"x":-14.580809593200684,"y":-5.833343505859375,"z":-0.568756103515625},"rotation":{"x":0.4910517930984497,"y":-0.00626391964033246,"z":0.0035291598178446295,"w":0.8711007833480835},"size":60.4250602722168,"orthographic":false}